Workbook

Sheet README
A1: JOB ARCHITECTURE & SKILLS MAPPING | O*NET
A2: Purpose | B2: Compare common skill-importance patterns across HR, people operations, and closely related administrative/analytical occupations. Use the comparison as a starting point for role architecture and internal mobility discussions.
A3: Source | B3: User-provided Occupation Data.xlsx. Source tabs used: Occupation_Data, Essential_Skills_List, and Job_Zone. O*NET occupational reference data; source workbook did not include a separate full Skills.xlsx file.
A4: Scope | B4: 15 occupations: core HR/People roles plus adjacent HR operations, administrative support, management analysis, and project roles. Scope rationale and data coverage are shown in Scope List.
A5: Skill filter | B5: Essential_Skills_List rows filtered to Scale ID = IM (Importance). Ratings are retained on the source O*NET 0–5 scale; sample size, standard error, confidence bounds, and suppression flag are retained where present.
A6: Coverage | B6: The supplied Essential_Skills_List has 10 skill elements and 140 in-scope IM rows. One selected occupation has no matching essential-skill rows; Job Zone records are available for 14 of 15 selected occupations. Check Scope List before interpreting blanks.
A7: Method | B7: Scope occupations by O*NET-SOC Code; retain IM ratings; join readable titles and Job Zone by code; summarize the flat Skills table as average importance by occupation and skill in Skill Matrix. Skills and JobZones are Power BI-ready tables with O*NET-SOC Code as the relationship key.
A8: Data limits | B8: These are national occupational reference ratings, not your employer’s job requirements or a validated job evaluation. A blank means this supplied extract has no matching row. The narrow Essential Skills List extract is not a complete catalog of O*NET skills.
A9: Findings | B9: Across the available scoped ratings, Active Listening has the highest mean importance (4.05), followed by Reading Comprehension (3.99) and Speaking (3.95). Mathematics averages 2.73 and Science 1.48; HR Managers rate Active Listening 4.38. These comparisons describe the supplied national data only.
A10: Power BI next steps | B10: Load Skills and JobZones, relate their O*NET-SOC Code fields (many-to-one from Skills to JobZones), add Avg Skill Importance = AVERAGE(Skills[Importance Rating (IM)]), then use a Matrix visual and Job Zone slicer.
A11: Not included | B11: A .pbix file and dashboard screenshots are not included; this workbook prepares the filtered data and Excel heat-map checkpoint for those steps.

Sheet Skill Matrix
A1: Job Title | B1: Active Learning | C1: Active Listening | D1: Critical Thinking | E1: Learning Strategies | F1: Mathematics | G1: Monitoring | H1: Reading Comprehension | I1: Science | J1: Speaking | K1: Writing
A2: Administrative Services Managers | B2: =IFERROR(AVERAGEIFS(Skills!$E$2:$E$141,Skills!$B$2:$B$141,$A2,Skills!$D$2:$D$141,B$1),"") -> 3.12 | C2: =IFERROR(AVERAGEIFS(Skills!$E$2:$E$141,Skills!$B$2:$B$141,$A2,Skills!$D$2:$D$141,C$1),"") -> 4 | D2: =IFERROR(AVERAGEIFS(Skills!$E$2:$E$141,Skills!$B$2:$B$141,$A2,Skills!$D$2:$D$141,D$1),"") -> 3.75 | E2: =IFERROR(AVERAGEIFS(Skills!$E$2:$E$141,Skills!$B$2:$B$141,$A2,Skills!$D$2:$D$141,E$1),"") -> 3 | F2: =IFERROR(AVERAGEIFS(Skills!$E$2:$E$141,Skills!$B$2:$B$141,$A2,Skills!$D$2:$D$141,F$1),"") -> 2.25 | G2: =IFERROR(AVERAGEIFS(Skills!$E$2:$E$141,Skills!$B$2:$B$141,$A2,Skills!$D$2:$D$141,G$1),"") -> 3.38 | H2: =IFERROR(AVERAGEIFS(Skills!$E$2:$E$141,Skills!$B$2:$B$141,$A2,Skills!$D$2:$D$141,H$1),"") -> 4 | I2: =IFERROR(AVERAGEIFS(Skills!$E$2:$E$141,Skills!$B$2:$B$141,$A2,Skills!$D$2:$D$141,I$1),"") -> 1 | ... K2: =IFERROR(AVERAGEIFS(Skills!$E$2:$E$141,Skills!$B$2:$B$141,$A2,Skills!$D$2:$D$141,K$1),"") -> 3.75
A3: Compensation and Benefits Managers | B3: =IFERROR(AVERAGEIFS(Skills!$E$2:$E$141,Skills!$B$2:$B$141,$A3,Skills!$D$2:$D$141,B$1),"") -> 3.75 | C3: =IFERROR(AVERAGEIFS(Skills!$E$2:$E$141,Skills!$B$2:$B$141,$A3,Skills!$D$2:$D$141,C$1),"") -> 4 | D3: =IFERROR(AVERAGEIFS(Skills!$E$2:$E$141,Skills!$B$2:$B$141,$A3,Skills!$D$2:$D$141,D$1),"") -> 3.88 | E3: =IFERROR(AVERAGEIFS(Skills!$E$2:$E$141,Skills!$B$2:$B$141,$A3,Skills!$D$2:$D$141,E$1),"") -> 3 | F3: =IFERROR(AVERAGEIFS(Skills!$E$2:$E$141,Skills!$B$2:$B$141,$A3,Skills!$D$2:$D$141,F$1),"") -> 3 | G3: =IFERROR(AVERAGEIFS(Skills!$E$2:$E$141,Skills!$B$2:$B$141,$A3,Skills!$D$2:$D$141,G$1),"") -> 3.38 | H3: =IFERROR(AVERAGEIFS(Skills!$E$2:$E$141,Skills!$B$2:$B$141,$A3,Skills!$D$2:$D$141,H$1),"") -> 4 | I3: =IFERROR(AVERAGEIFS(Skills!$E$2:$E$141,Skills!$B$2:$B$141,$A3,Skills!$D$2:$D$141,I$1),"") -> 1 | ... K3: =IFERROR(AVERAGEIFS(Skills!$E$2:$E$141,Skills!$B$2:$B$141,$A3,Skills!$D$2:$D$141,K$1),"") -> 4
A4: Human Resources Managers | B4: =IFERROR(AVERAGEIFS(Skills!$E$2:$E$141,Skills!$B$2:$B$141,$A4,Skills!$D$2:$D$141,B$1),"") -> 4 | C4: =IFERROR(AVERAGEIFS(Skills!$E$2:$E$141,Skills!$B$2:$B$141,$A4,Skills!$D$2:$D$141,C$1),"") -> 4.38 | D4: =IFERROR(AVERAGEIFS(Skills!$E$2:$E$141,Skills!$B$2:$B$141,$A4,Skills!$D$2:$D$141,D$1),"") -> 4 | E4: =IFERROR(AVERAGEIFS(Skills!$E$2:$E$141,Skills!$B$2:$B$141,$A4,Skills!$D$2:$D$141,E$1),"") -> 3.75 | F4: =IFERROR(AVERAGEIFS(Skills!$E$2:$E$141,Skills!$B$2:$B$141,$A4,Skills!$D$2:$D$141,F$1),"") -> 3 | G4: =IFERROR(AVERAGEIFS(Skills!$E$2:$E$141,Skills!$B$2:$B$141,$A4,Skills!$D$2:$D$141,G$1),"") -> 4 | H4: =IFERROR(AVERAGEIFS(Skills!$E$2:$E$141,Skills!$B$2:$B$141,$A4,Skills!$D$2:$D$141,H$1),"") -> 4.25 | I4: =IFERROR(AVERAGEIFS(Skills!$E$2:$E$141,Skills!$B$2:$B$141,$A4,Skills!$D$2:$D$141,I$1),"") -> 1.5 | ... K4: =IFERROR(AVERAGEIFS(Skills!$E$2:$E$141,Skills!$B$2:$B$141,$A4,Skills!$D$2:$D$141,K$1),"") -> 4.12
A5: Training and Development Managers | B5: =IFERROR(AVERAGEIFS(Skills!$E$2:$E$141,Skills!$B$2:$B$141,$A5,Skills!$D$2:$D$141,B$1),"") -> 3.75 | C5: =IFERROR(AVERAGEIFS(Skills!$E$2:$E$141,Skills!$B$2:$B$141,$A5,Skills!$D$2:$D$141,C$1),"") -> 4 | D5: =IFERROR(AVERAGEIFS(Skills!$E$2:$E$141,Skills!$B$2:$B$141,$A5,Skills!$D$2:$D$141,D$1),"") -> 3.75 | E5: =IFERROR(AVERAGEIFS(Skills!$E$2:$E$141,Skills!$B$2:$B$141,$A5,Skills!$D$2:$D$141,E$1),"") -> 4.25 | F5: =IFERROR(AVERAGEIFS(Skills!$E$2:$E$141,Skills!$B$2:$B$141,$A5,Skills!$D$2:$D$141,F$1),"") -> 2.88 | G5: =IFERROR(AVERAGEIFS(Skills!$E$2:$E$141,Skills!$B$2:$B$141,$A5,Skills!$D$2:$D$141,G$1),"") -> 3.88 | H5: =IFERROR(AVERAGEIFS(Skills!$E$2:$E$141,Skills!$B$2:$B$141,$A5,Skills!$D$2:$D$141,H$1),"") -> 4 | I5: =IFERROR(AVERAGEIFS(Skills!$E$2:$E$141,Skills!$B$2:$B$141,$A5,Skills!$D$2:$D$141,I$1),"") -> 1.5 | ... K5: =IFERROR(AVERAGEIFS(Skills!$E$2:$E$141,Skills!$B$2:$B$141,$A5,Skills!$D$2:$D$141,K$1),"") -> 3.88
A6: Human Resources Specialists | B6: =IFERROR(AVERAGEIFS(Skills!$E$2:$E$141,Skills!$B$2:$B$141,$A6,Skills!$D$2:$D$141,B$1),"") -> 3.25 | C6: =IFERROR(AVERAGEIFS(Skills!$E$2:$E$141,Skills!$B$2:$B$141,$A6,Skills!$D$2:$D$141,C$1),"") -> 4 | D6: =IFERROR(AVERAGEIFS(Skills!$E$2:$E$141,Skills!$B$2:$B$141,$A6,Skills!$D$2:$D$141,D$1),"") -> 3.88 | E6: =IFERROR(AVERAGEIFS(Skills!$E$2:$E$141,Skills!$B$2:$B$141,$A6,Skills!$D$2:$D$141,E$1),"") -> 3 | F6: =IFERROR(AVERAGEIFS(Skills!$E$2:$E$141,Skills!$B$2:$B$141,$A6,Skills!$D$2:$D$141,F$1),"") -> 2 | G6: =IFERROR(AVERAGEIFS(Skills!$E$2:$E$141,Skills!$B$2:$B$141,$A6,Skills!$D$2:$D$141,G$1),"") -> 3 | H6: =IFERROR(AVERAGEIFS(Skills!$E$2:$E$141,Skills!$B$2:$B$141,$A6,Skills!$D$2:$D$141,H$1),"") -> 4 | I6: =IFERROR(AVERAGEIFS(Skills!$E$2:$E$141,Skills!$B$2:$B$141,$A6,Skills!$D$2:$D$141,I$1),"") -> 1.12 | ... K6: =IFERROR(AVERAGEIFS(Skills!$E$2:$E$141,Skills!$B$2:$B$141,$A6,Skills!$D$2:$D$141,K$1),"") -> 3.88
A7: Labor Relations Specialists | B7: =IFERROR(AVERAGEIFS(Skills!$E$2:$E$141,Skills!$B$2:$B$141,$A7,Skills!$D$2:$D$141,B$1),"") -> 3.5 | C7: =IFERROR(AVERAGEIFS(Skills!$E$2:$E$141,Skills!$B$2:$B$141,$A7,Skills!$D$2:$D$141,C$1),"") -> 4.38 | D7: =IFERROR(AVERAGEIFS(Skills!$E$2:$E$141,Skills!$B$2:$B$141,$A7,Skills!$D$2:$D$141,D$1),"") -> 4 | E7: =IFERROR(AVERAGEIFS(Skills!$E$2:$E$141,Skills!$B$2:$B$141,$A7,Skills!$D$2:$D$141,E$1),"") -> 3 | F7: =IFERROR(AVERAGEIFS(Skills!$E$2:$E$141,Skills!$B$2:$B$141,$A7,Skills!$D$2:$D$141,F$1),"") -> 2.38 | G7: =IFERROR(AVERAGEIFS(Skills!$E$2:$E$141,Skills!$B$2:$B$141,$A7,Skills!$D$2:$D$141,G$1),"") -> 3.38 | H7: =IFERROR(AVERAGEIFS(Skills!$E$2:$E$141,Skills!$B$2:$B$141,$A7,Skills!$D$2:$D$141,H$1),"") -> 4 | I7: =IFERROR(AVERAGEIFS(Skills!$E$2:$E$141,Skills!$B$2:$B$141,$A7,Skills!$D$2:$D$141,I$1),"") -> 1 | ... K7: =IFERROR(AVERAGEIFS(Skills!$E$2:$E$141,Skills!$B$2:$B$141,$A7,Skills!$D$2:$D$141,K$1),"") -> 4
A8: Compensation, Benefits, and Job Analysis Specialists | B8: =IFERROR(AVERAGEIFS(Skills!$E$2:$E$141,Skills!$B$2:$B$141,$A8,Skills!$D$2:$D$141,B$1),"") -> 3.38 | C8: =IFERROR(AVERAGEIFS(Skills!$E$2:$E$141,Skills!$B$2:$B$141,$A8,Skills!$D$2:$D$141,C$1),"") -> 3.88 | D8: =IFERROR(AVERAGEIFS(Skills!$E$2:$E$141,Skills!$B$2:$B$141,$A8,Skills!$D$2:$D$141,D$1),"") -> 3.75 | E8: =IFERROR(AVERAGEIFS(Skills!$E$2:$E$141,Skills!$B$2:$B$141,$A8,Skills!$D$2:$D$141,E$1),"") -> 2.88 | F8: =IFERROR(AVERAGEIFS(Skills!$E$2:$E$141,Skills!$B$2:$B$141,$A8,Skills!$D$2:$D$141,F$1),"") -> 3.12 | G8: =IFERROR(AVERAGEIFS(Skills!$E$2:$E$141,Skills!$B$2:$B$141,$A8,Skills!$D$2:$D$141,G$1),"") -> 3.12 | H8: =IFERROR(AVERAGEIFS(Skills!$E$2:$E$141,Skills!$B$2:$B$141,$A8,Skills!$D$2:$D$141,H$1),"") -> 3.88 | I8: =IFERROR(AVERAGEIFS(Skills!$E$2:$E$141,Skills!$B$2:$B$141,$A8,Skills!$D$2:$D$141,I$1),"") -> 1.88 | ... K8: =IFERROR(AVERAGEIFS(Skills!$E$2:$E$141,Skills!$B$2:$B$141,$A8,Skills!$D$2:$D$141,K$1),"") -> 3.38
A9: Training and Development Specialists | B9: =IFERROR(AVERAGEIFS(Skills!$E$2:$E$141,Skills!$B$2:$B$141,$A9,Skills!$D$2:$D$141,B$1),"") -> 3.88 | C9: =IFERROR(AVERAGEIFS(Skills!$E$2:$E$141,Skills!$B$2:$B$141,$A9,Skills!$D$2:$D$141,C$1),"") -> 4 | D9: =IFERROR(AVERAGEIFS(Skills!$E$2:$E$141,Skills!$B$2:$B$141,$A9,Skills!$D$2:$D$141,D$1),"") -> 3.88 | E9: =IFERROR(AVERAGEIFS(Skills!$E$2:$E$141,Skills!$B$2:$B$141,$A9,Skills!$D$2:$D$141,E$1),"") -> 4.12 | F9: =IFERROR(AVERAGEIFS(Skills!$E$2:$E$141,Skills!$B$2:$B$141,$A9,Skills!$D$2:$D$141,F$1),"") -> 2.38 | G9: =IFERROR(AVERAGEIFS(Skills!$E$2:$E$141,Skills!$B$2:$B$141,$A9,Skills!$D$2:$D$141,G$1),"") -> 3.88 | H9: =IFERROR(AVERAGEIFS(Skills!$E$2:$E$141,Skills!$B$2:$B$141,$A9,Skills!$D$2:$D$141,H$1),"") -> 3.88 | I9: =IFERROR(AVERAGEIFS(Skills!$E$2:$E$141,Skills!$B$2:$B$141,$A9,Skills!$D$2:$D$141,I$1),"") -> 1.62 | ... K9: =IFERROR(AVERAGEIFS(Skills!$E$2:$E$141,Skills!$B$2:$B$141,$A9,Skills!$D$2:$D$141,K$1),"") -> 3.88
A10: Business Operations Specialists, All Other | B10: =IFERROR(AVERAGEIFS(Skills!$E$2:$E$141,Skills!$B$2:$B$141,$A10,Skills!$D$2:$D$141,B$1),"") | C10: =IFERROR(AVERAGEIFS(Skills!$E$2:$E$141,Skills!$B$2:$B$141,$A10,Skills!$D$2:$D$141,C$1),"") | D10: =IFERROR(AVERAGEIFS(Skills!$E$2:$E$141,Skills!$B$2:$B$141,$A10,Skills!$D$2:$D$141,D$1),"") | E10: =IFERROR(AVERAGEIFS(Skills!$E$2:$E$141,Skills!$B$2:$B$141,$A10,Skills!$D$2:$D$141,E$1),"") | F10: =IFERROR(AVERAGEIFS(Skills!$E$2:$E$141,Skills!$B$2:$B$141,$A10,Skills!$D$2:$D$141,F$1),"") | G10: =IFERROR(AVERAGEIFS(Skills!$E$2:$E$141,Skills!$B$2:$B$141,$A10,Skills!$D$2:$D$141,G$1),"") | H10: =IFERROR(AVERAGEIFS(Skills!$E$2:$E$141,Skills!$B$2:$B$141,$A10,Skills!$D$2:$D$141,H$1),"") | I10: =IFERROR(AVERAGEIFS(Skills!$E$2:$E$141,Skills!$B$2:$B$141,$A10,Skills!$D$2:$D$141,I$1),"") | ... K10: =IFERROR(AVERAGEIFS(Skills!$E$2:$E$141,Skills!$B$2:$B$141,$A10,Skills!$D$2:$D$141,K$1),"")
A11: Industrial-Organizational Psychologists | B11: =IFERROR(AVERAGEIFS(Skills!$E$2:$E$141,Skills!$B$2:$B$141,$A11,Skills!$D$2:$D$141,B$1),"") -> 3.88 | C11: =IFERROR(AVERAGEIFS(Skills!$E$2:$E$141,Skills!$B$2:$B$141,$A11,Skills!$D$2:$D$141,C$1),"") -> 4.38 | D11: =IFERROR(AVERAGEIFS(Skills!$E$2:$E$141,Skills!$B$2:$B$141,$A11,Skills!$D$2:$D$141,D$1),"") -> 4.12 | E11: =IFERROR(AVERAGEIFS(Skills!$E$2:$E$141,Skills!$B$2:$B$141,$A11,Skills!$D$2:$D$141,E$1),"") -> 3.62 | F11: =IFERROR(AVERAGEIFS(Skills!$E$2:$E$141,Skills!$B$2:$B$141,$A11,Skills!$D$2:$D$141,F$1),"") -> 3.5 | G11: =IFERROR(AVERAGEIFS(Skills!$E$2:$E$141,Skills!$B$2:$B$141,$A11,Skills!$D$2:$D$141,G$1),"") -> 3.88 | H11: =IFERROR(AVERAGEIFS(Skills!$E$2:$E$141,Skills!$B$2:$B$141,$A11,Skills!$D$2:$D$141,H$1),"") -> 4.38 | I11: =IFERROR(AVERAGEIFS(Skills!$E$2:$E$141,Skills!$B$2:$B$141,$A11,Skills!$D$2:$D$141,I$1),"") -> 3.75 | ... K11: =IFERROR(AVERAGEIFS(Skills!$E$2:$E$141,Skills!$B$2:$B$141,$A11,Skills!$D$2:$D$141,K$1),"") -> 4.25
A12: Payroll and Timekeeping Clerks | B12: =IFERROR(AVERAGEIFS(Skills!$E$2:$E$141,Skills!$B$2:$B$141,$A12,Skills!$D$2:$D$141,B$1),"") -> 2.75 | C12: =IFERROR(AVERAGEIFS(Skills!$E$2:$E$141,Skills!$B$2:$B$141,$A12,Skills!$D$2:$D$141,C$1),"") -> 3.75 | D12: =IFERROR(AVERAGEIFS(Skills!$E$2:$E$141,Skills!$B$2:$B$141,$A12,Skills!$D$2:$D$141,D$1),"") -> 3.12 | E12: =IFERROR(AVERAGEIFS(Skills!$E$2:$E$141,Skills!$B$2:$B$141,$A12,Skills!$D$2:$D$141,E$1),"") -> 2.25 | F12: =IFERROR(AVERAGEIFS(Skills!$E$2:$E$141,Skills!$B$2:$B$141,$A12,Skills!$D$2:$D$141,F$1),"") -> 3.25 | G12: =IFERROR(AVERAGEIFS(Skills!$E$2:$E$141,Skills!$B$2:$B$141,$A12,Skills!$D$2:$D$141,G$1),"") -> 3 | H12: =IFERROR(AVERAGEIFS(Skills!$E$2:$E$141,Skills!$B$2:$B$141,$A12,Skills!$D$2:$D$141,H$1),"") -> 3.88 | I12: =IFERROR(AVERAGEIFS(Skills!$E$2:$E$141,Skills!$B$2:$B$141,$A12,Skills!$D$2:$D$141,I$1),"") -> 1 | ... K12: =IFERROR(AVERAGEIFS(Skills!$E$2:$E$141,Skills!$B$2:$B$141,$A12,Skills!$D$2:$D$141,K$1),"") -> 3.12
A13: Human Resources Assistants, Except Payroll and Timekeeping | B13: =IFERROR(AVERAGEIFS(Skills!$E$2:$E$141,Skills!$B$2:$B$141,$A13,Skills!$D$2:$D$141,B$1),"") -> 3 | C13: =IFERROR(AVERAGEIFS(Skills!$E$2:$E$141,Skills!$B$2:$B$141,$A13,Skills!$D$2:$D$141,C$1),"") -> 4 | D13: =IFERROR(AVERAGEIFS(Skills!$E$2:$E$141,Skills!$B$2:$B$141,$A13,Skills!$D$2:$D$141,D$1),"") -> 3.38 | E13: =IFERROR(AVERAGEIFS(Skills!$E$2:$E$141,Skills!$B$2:$B$141,$A13,Skills!$D$2:$D$141,E$1),"") -> 2.5 | F13: =IFERROR(AVERAGEIFS(Skills!$E$2:$E$141,Skills!$B$2:$B$141,$A13,Skills!$D$2:$D$141,F$1),"") -> 2 | G13: =IFERROR(AVERAGEIFS(Skills!$E$2:$E$141,Skills!$B$2:$B$141,$A13,Skills!$D$2:$D$141,G$1),"") -> 3.38 | H13: =IFERROR(AVERAGEIFS(Skills!$E$2:$E$141,Skills!$B$2:$B$141,$A13,Skills!$D$2:$D$141,H$1),"") -> 4 | I13: =IFERROR(AVERAGEIFS(Skills!$E$2:$E$141,Skills!$B$2:$B$141,$A13,Skills!$D$2:$D$141,I$1),"") -> 1.12 | ... K13: =IFERROR(AVERAGEIFS(Skills!$E$2:$E$141,Skills!$B$2:$B$141,$A13,Skills!$D$2:$D$141,K$1),"") -> 3.5
... A16: First-Line Supervisors of Office and Administrative Support Workers | B16: =IFERROR(AVERAGEIFS(Skills!$E$2:$E$141,Skills!$B$2:$B$141,$A16,Skills!$D$2:$D$141,B$1),"") -> 3.75 | C16: =IFERROR(AVERAGEIFS(Skills!$E$2:$E$141,Skills!$B$2:$B$141,$A16,Skills!$D$2:$D$141,C$1),"") -> 4 | D16: =IFERROR(AVERAGEIFS(Skills!$E$2:$E$141,Skills!$B$2:$B$141,$A16,Skills!$D$2:$D$141,D$1),"") -> 3.88 | E16: =IFERROR(AVERAGEIFS(Skills!$E$2:$E$141,Skills!$B$2:$B$141,$A16,Skills!$D$2:$D$141,E$1),"") -> 3.62 | F16: =IFERROR(AVERAGEIFS(Skills!$E$2:$E$141,Skills!$B$2:$B$141,$A16,Skills!$D$2:$D$141,F$1),"") -> 2.75 | G16: =IFERROR(AVERAGEIFS(Skills!$E$2:$E$141,Skills!$B$2:$B$141,$A16,Skills!$D$2:$D$141,G$1),"") -> 4 | H16: =IFERROR(AVERAGEIFS(Skills!$E$2:$E$141,Skills!$B$2:$B$141,$A16,Skills!$D$2:$D$141,H$1),"") -> 4 | I16: =IFERROR(AVERAGEIFS(Skills!$E$2:$E$141,Skills!$B$2:$B$141,$A16,Skills!$D$2:$D$141,I$1),"") -> 1 | ... K16: =IFERROR(AVERAGEIFS(Skills!$E$2:$E$141,Skills!$B$2:$B$141,$A16,Skills!$D$2:$D$141,K$1),"") -> 3.75

Sheet Skills
A1: O*NET-SOC Code | B1: Job Title | C1: Element ID | D1: Element Name | E1: Importance Rating (IM) | F1: N | G1: Standard Error | H1: Lower CI Bound | I1: Upper CI Bound | J1: Recommend Suppress
A2: 11-3012.00 | B2: Administrative Services Managers | C2: 2.A.1.a | D2: Reading Comprehension | E2: 4 | F2: 8 | G2: 0 | H2: 4 | I2: 4 | J2: N
A3: 11-3012.00 | B3: Administrative Services Managers | C3: 2.A.1.b | D3: Active Listening | E3: 4 | F3: 8 | G3: 0 | H3: 4 | I3: 4 | J3: N
A4: 11-3012.00 | B4: Administrative Services Managers | C4: 2.A.1.c | D4: Writing | E4: 3.75 | F4: 8 | G4: 0.1637 | H4: 3.4292 | I4: 4.0708 | J4: N
A5: 11-3012.00 | B5: Administrative Services Managers | C5: 2.A.1.d | D5: Speaking | E5: 3.88 | F5: 8 | G5: 0.125 | H5: 3.63 | I5: 4.12 | J5: N
A6: 11-3012.00 | B6: Administrative Services Managers | C6: 2.A.1.e | D6: Mathematics | E6: 2.25 | F6: 8 | G6: 0.1637 | H6: 1.9292 | I6: 2.5708 | J6: N
A7: 11-3012.00 | B7: Administrative Services Managers | C7: 2.A.1.f | D7: Science | E7: 1 | F7: 8 | G7: 0 | H7: 1 | I7: 1 | J7: N
A8: 11-3012.00 | B8: Administrative Services Managers | C8: 2.A.2.a | D8: Critical Thinking | E8: 3.75 | F8: 8 | G8: 0.1637 | H8: 3.4292 | I8: 4.0708 | J8: N
A9: 11-3012.00 | B9: Administrative Services Managers | C9: 2.A.2.b | D9: Active Learning | E9: 3.12 | F9: 8 | G9: 0.2266 | H9: 2.6809 | I9: 3.5691 | J9: N
A10: 11-3012.00 | B10: Administrative Services Managers | C10: 2.A.2.c | D10: Learning Strategies | E10: 3 | F10: 8 | G10: 0 | H10: 3 | I10: 3 | J10: N
A11: 11-3012.00 | B11: Administrative Services Managers | C11: 2.A.2.d | D11: Monitoring | E11: 3.38 | F11: 8 | G11: 0.183 | H11: 3.0164 | I11: 3.7336 | J11: N
A12: 11-3111.00 | B12: Compensation and Benefits Managers | C12: 2.A.1.a | D12: Reading Comprehension | E12: 4 | F12: 8 | G12: 0 | H12: 4 | I12: 4 | J12: N
A13: 11-3111.00 | B13: Compensation and Benefits Managers | C13: 2.A.1.b | D13: Active Listening | E13: 4 | F13: 8 | G13: 0 | H13: 4 | I13: 4 | J13: N
... A141: 43-4161.00 | B141: Human Resources Assistants, Except Payroll and Timekeeping | C141: 2.A.2.d | D141: Monitoring | E141: 3.38 | F141: 8 | G141: 0.183 | H141: 3.0164 | I141: 3.7336 | J141: N

Sheet JobZones
A1: O*NET-SOC Code | B1: Job Title | C1: Job Zone | D1: Date | E1: Domain Source
A2: 11-3012.00 | B2: Administrative Services Managers | C2: 3 | D2: 07/2017 | E2: Analyst
A3: 11-3111.00 | B3: Compensation and Benefits Managers | C3: 4 | D3: 08/2023 | E3: Analyst
A4: 11-3121.00 | B4: Human Resources Managers | C4: 4 | D4: 08/2025 | E4: Analyst
A5: 11-3131.00 | B5: Training and Development Managers | C5: 4 | D5: 08/2024 | E5: Analyst
A6: 13-1071.00 | B6: Human Resources Specialists | C6: 4 | D6: 08/2019 | E6: Analyst
A7: 13-1075.00 | B7: Labor Relations Specialists | C7: 4 | D7: 08/2023 | E7: Analyst
A8: 13-1082.00 | B8: Project Management Specialists | C8: 4 | D8: 08/2026 | E8: Analyst
A9: 13-1111.00 | B9: Management Analysts | C9: 4 | D9: 08/2022 | E9: Analyst
A10: 13-1141.00 | B10: Compensation, Benefits, and Job Analysis Specialists | C10: 4 | D10: 08/2024 | E10: Analyst
A11: 13-1151.00 | B11: Training and Development Specialists | C11: 4 | D11: 08/2022 | E11: Analyst
A12: 19-3032.00 | B12: Industrial-Organizational Psychologists | C12: 5 | D12: 08/2023 | E12: Analyst
A13: 43-1011.00 | B13: First-Line Supervisors of Office and Administrative Support Workers | C13: 3 | D13: 07/2015 | E13: Analyst
... A15: 43-4161.00 | B15: Human Resources Assistants, Except Payroll and Timekeeping | C15: 3 | D15: 07/2017 | E15: Analyst

Sheet Scope List
A1: O*NET-SOC Code | B1: Title | C1: Scope Group | D1: Selection Rationale | E1: Essential Skills Data?
A2: 11-3012.00 | B2: Administrative Services Managers | C2: HR Operations / Administration | D2: Adjacent HR operations, payroll, or administrative support role | E2: Yes
A3: 11-3111.00 | B3: Compensation and Benefits Managers | C3: Core HR / People | D3: Direct HR, employee relations, rewards, learning, or organizational psychology role | E3: Yes
A4: 11-3121.00 | B4: Human Resources Managers | C4: Core HR / People | D4: Direct HR, employee relations, rewards, learning, or organizational psychology role | E4: Yes
A5: 11-3131.00 | B5: Training and Development Managers | C5: Core HR / People | D5: Direct HR, employee relations, rewards, learning, or organizational psychology role | E5: Yes
A6: 13-1071.00 | B6: Human Resources Specialists | C6: Core HR / People | D6: Direct HR, employee relations, rewards, learning, or organizational psychology role | E6: Yes
A7: 13-1075.00 | B7: Labor Relations Specialists | C7: Core HR / People | D7: Direct HR, employee relations, rewards, learning, or organizational psychology role | E7: Yes
A8: 13-1141.00 | B8: Compensation, Benefits, and Job Analysis Specialists | C8: Core HR / People | D8: Direct HR, employee relations, rewards, learning, or organizational psychology role | E8: Yes
A9: 13-1151.00 | B9: Training and Development Specialists | C9: Core HR / People | D9: Direct HR, employee relations, rewards, learning, or organizational psychology role | E9: Yes
A10: 13-1199.00 | B10: Business Operations Specialists, All Other | C10: Adjacent People / Business Operations | D10: Adjacent analytical or project role with transferable people-operations skills | E10: No
A11: 19-3032.00 | B11: Industrial-Organizational Psychologists | C11: Core HR / People | D11: Direct HR, employee relations, rewards, learning, or organizational psychology role | E11: Yes
A12: 43-3051.00 | B12: Payroll and Timekeeping Clerks | C12: HR Operations / Administration | D12: Adjacent HR operations, payroll, or administrative support role | E12: Yes
... A16: 43-1011.00 | B16: First-Line Supervisors of Office and Administrative Support Workers | C16: HR Operations / Administration | D16: Adjacent HR operations, payroll, or administrative support role | E16: Yes
